"","x"
"1","https://fbref.com/en/matches/928467bd/Liverpool-Norwich-City-August-9-2019-Premier-League"
"2","https://fbref.com/en/matches/71c8a43e/West-Ham-United-Manchester-City-August-10-2019-Premier-League"
"3","https://fbref.com/en/matches/34b99058/Burnley-Southampton-August-10-2019-Premier-League"
"4","https://fbref.com/en/matches/38111659/Watford-Brighton-and-Hove-Albion-August-10-2019-Premier-League"
"5","https://fbref.com/en/matches/a802f51e/Crystal-Palace-Everton-August-10-2019-Premier-League"
"6","https://fbref.com/en/matches/d402cacd/Bournemouth-Sheffield-United-August-10-2019-Premier-League"
"7","https://fbref.com/en/matches/404ee5d3/Tottenham-Hotspur-Aston-Villa-August-10-2019-Premier-League"
"8","https://fbref.com/en/matches/1405a610/Newcastle-United-Arsenal-August-11-2019-Premier-League"
"9","https://fbref.com/en/matches/bf4afd61/Leicester-City-Wolverhampton-Wanderers-August-11-2019-Premier-League"
"10","https://fbref.com/en/matches/d0583d0d/Manchester-United-Chelsea-August-11-2019-Premier-League"
"11","https://fbref.com/en/matches/ff7eda21/Arsenal-Burnley-August-17-2019-Premier-League"
"12","https://fbref.com/en/matches/3ea63f4b/Norwich-City-Newcastle-United-August-17-2019-Premier-League"
"13","https://fbref.com/en/matches/7ad0ed82/Aston-Villa-Bournemouth-August-17-2019-Premier-League"
"14","https://fbref.com/en/matches/894d0ca5/Brighton-and-Hove-Albion-West-Ham-United-August-17-2019-Premier-League"
"15","https://fbref.com/en/matches/b2a48847/Southampton-Liverpool-August-17-2019-Premier-League"
"16","https://fbref.com/en/matches/f35c8c3a/Everton-Watford-August-17-2019-Premier-League"
"17","https://fbref.com/en/matches/a4ba771e/Manchester-City-Tottenham-Hotspur-August-17-2019-Premier-League"
"18","https://fbref.com/en/matches/7ca12d31/Sheffield-United-Crystal-Palace-August-18-2019-Premier-League"
"19","https://fbref.com/en/matches/aebf58b9/Chelsea-Leicester-City-August-18-2019-Premier-League"
"20","https://fbref.com/en/matches/d8a7f871/Wolverhampton-Wanderers-Manchester-United-August-19-2019-Premier-League"
"21","https://fbref.com/en/matches/3e805eff/Aston-Villa-Everton-August-23-2019-Premier-League"
"22","https://fbref.com/en/matches/4f4fd2d8/Norwich-City-Chelsea-August-24-2019-Premier-League"
"23","https://fbref.com/en/matches/48fcf75b/Sheffield-United-Leicester-City-August-24-2019-Premier-League"
"24","https://fbref.com/en/matches/7c1c4078/Manchester-United-Crystal-Palace-August-24-2019-Premier-League"
"25","https://fbref.com/en/matches/89fbf2a3/Watford-West-Ham-United-August-24-2019-Premier-League"
"26","https://fbref.com/en/matches/baece203/Brighton-and-Hove-Albion-Southampton-August-24-2019-Premier-League"
"27","https://fbref.com/en/matches/102b241e/Liverpool-Arsenal-August-24-2019-Premier-League"
"28","https://fbref.com/en/matches/7728bd7e/Bournemouth-Manchester-City-August-25-2019-Premier-League"
"29","https://fbref.com/en/matches/16119ef2/Wolverhampton-Wanderers-Burnley-August-25-2019-Premier-League"
"30","https://fbref.com/en/matches/c224d1e8/Tottenham-Hotspur-Newcastle-United-August-25-2019-Premier-League"
"31","https://fbref.com/en/matches/bfd4d929/Southampton-Manchester-United-August-31-2019-Premier-League"
"32","https://fbref.com/en/matches/164148a8/West-Ham-United-Norwich-City-August-31-2019-Premier-League"
"33","https://fbref.com/en/matches/230f4fac/Crystal-Palace-Aston-Villa-August-31-2019-Premier-League"
"34","https://fbref.com/en/matches/3d899563/Leicester-City-Bournemouth-August-31-2019-Premier-League"
"35","https://fbref.com/en/matches/495db223/Chelsea-Sheffield-United-August-31-2019-Premier-League"
"36","https://fbref.com/en/matches/533c240c/Newcastle-United-Watford-August-31-2019-Premier-League"
"37","https://fbref.com/en/matches/5b9865ad/Manchester-City-Brighton-and-Hove-Albion-August-31-2019-Premier-League"
"38","https://fbref.com/en/matches/af072d61/Burnley-Liverpool-August-31-2019-Premier-League"
"39","https://fbref.com/en/matches/70303b7b/Everton-Wolverhampton-Wanderers-September-1-2019-Premier-League"
"40","https://fbref.com/en/matches/0b6b8aaf/North-London-Derby-Arsenal-Tottenham-Hotspur-September-1-2019-Premier-League"
"41","https://fbref.com/en/matches/cde24fee/Liverpool-Newcastle-United-September-14-2019-Premier-League"
"42","https://fbref.com/en/matches/0fa0a658/Wolverhampton-Wanderers-Chelsea-September-14-2019-Premier-League"
"43","https://fbref.com/en/matches/1d3bbc27/Brighton-and-Hove-Albion-Burnley-September-14-2019-Premier-League"
"44","https://fbref.com/en/matches/1d812c17/Tottenham-Hotspur-Crystal-Palace-September-14-2019-Premier-League"
"45","https://fbref.com/en/matches/6d0266a1/Manchester-United-Leicester-City-September-14-2019-Premier-League"
"46","https://fbref.com/en/matches/e5f9905d/Sheffield-United-Southampton-September-14-2019-Premier-League"
"47","https://fbref.com/en/matches/1c7bccd4/Norwich-City-Manchester-City-September-14-2019-Premier-League"
"48","https://fbref.com/en/matches/886c59ae/Bournemouth-Everton-September-15-2019-Premier-League"
"49","https://fbref.com/en/matches/8257eda8/Watford-Arsenal-September-15-2019-Premier-League"
"50","https://fbref.com/en/matches/b26df467/Aston-Villa-West-Ham-United-September-16-2019-Premier-League"
"51","https://fbref.com/en/matches/ebbb65f5/Southampton-Bournemouth-September-20-2019-Premier-League"
"52","https://fbref.com/en/matches/e30adc4b/Leicester-City-Tottenham-Hotspur-September-21-2019-Premier-League"
"53","https://fbref.com/en/matches/4672d0d7/Manchester-City-Watford-September-21-2019-Premier-League"
"54","https://fbref.com/en/matches/707ee0eb/Everton-Sheffield-United-September-21-2019-Premier-League"
"55","https://fbref.com/en/matches/f97b0ce8/Burnley-Norwich-City-September-21-2019-Premier-League"
"56","https://fbref.com/en/matches/966fb8b0/Newcastle-United-Brighton-and-Hove-Albion-September-21-2019-Premier-League"
"57","https://fbref.com/en/matches/d76eb681/Crystal-Palace-Wolverhampton-Wanderers-September-22-2019-Premier-League"
"58","https://fbref.com/en/matches/fe3e2bec/West-Ham-United-Manchester-United-September-22-2019-Premier-League"
"59","https://fbref.com/en/matches/02e3ae79/Chelsea-Liverpool-September-22-2019-Premier-League"
"60","https://fbref.com/en/matches/d5fa0563/Arsenal-Aston-Villa-September-22-2019-Premier-League"
"61","https://fbref.com/en/matches/1224c8ae/Sheffield-United-Liverpool-September-28-2019-Premier-League"
"62","https://fbref.com/en/matches/1d4b5564/Chelsea-Brighton-and-Hove-Albion-September-28-2019-Premier-League"
"63","https://fbref.com/en/matches/23ec5db0/Tottenham-Hotspur-Southampton-September-28-2019-Premier-League"
"64","https://fbref.com/en/matches/37a51188/Aston-Villa-Burnley-September-28-2019-Premier-League"
"65","https://fbref.com/en/matches/3b180c0d/Crystal-Palace-Norwich-City-September-28-2019-Premier-League"
"66","https://fbref.com/en/matches/4c088365/Wolverhampton-Wanderers-Watford-September-28-2019-Premier-League"
"67","https://fbref.com/en/matches/704e536e/Bournemouth-West-Ham-United-September-28-2019-Premier-League"
"68","https://fbref.com/en/matches/1b9f4fc3/Everton-Manchester-City-September-28-2019-Premier-League"
"69","https://fbref.com/en/matches/40d77688/Leicester-City-Newcastle-United-September-29-2019-Premier-League"
"70","https://fbref.com/en/matches/ce7501cd/Manchester-United-Arsenal-September-30-2019-Premier-League"
"71","https://fbref.com/en/matches/aafb2d3a/Brighton-and-Hove-Albion-Tottenham-Hotspur-October-5-2019-Premier-League"
"72","https://fbref.com/en/matches/2b83068d/Watford-Sheffield-United-October-5-2019-Premier-League"
"73","https://fbref.com/en/matches/2f9439d0/Burnley-Everton-October-5-2019-Premier-League"
"74","https://fbref.com/en/matches/aaed1c4e/Liverpool-Leicester-City-October-5-2019-Premier-League"
"75","https://fbref.com/en/matches/e50b8e5b/Norwich-City-Aston-Villa-October-5-2019-Premier-League"
"76","https://fbref.com/en/matches/23fe51bc/West-Ham-United-Crystal-Palace-October-5-2019-Premier-League"
"77","https://fbref.com/en/matches/0481092b/Manchester-City-Wolverhampton-Wanderers-October-6-2019-Premier-League"
"78","https://fbref.com/en/matches/078b24d4/Southampton-Chelsea-October-6-2019-Premier-League"
"79","https://fbref.com/en/matches/9575566f/Arsenal-Bournemouth-October-6-2019-Premier-League"
"80","https://fbref.com/en/matches/e4a80056/Newcastle-United-Manchester-United-October-6-2019-Premier-League"
"81","https://fbref.com/en/matches/0fa45675/Everton-West-Ham-United-October-19-2019-Premier-League"
"82","https://fbref.com/en/matches/34685c72/Aston-Villa-Brighton-and-Hove-Albion-October-19-2019-Premier-League"
"83","https://fbref.com/en/matches/3529c097/Leicester-City-Burnley-October-19-2019-Premier-League"
"84","https://fbref.com/en/matches/4df24be7/Tottenham-Hotspur-Watford-October-19-2019-Premier-League"
"85","https://fbref.com/en/matches/644a3723/Wolverhampton-Wanderers-Southampton-October-19-2019-Premier-League"
"86","https://fbref.com/en/matches/c17538b0/Chelsea-Newcastle-United-October-19-2019-Premier-League"
"87","https://fbref.com/en/matches/d71c01eb/Bournemouth-Norwich-City-October-19-2019-Premier-League"
"88","https://fbref.com/en/matches/f334b1dc/Crystal-Palace-Manchester-City-October-19-2019-Premier-League"
"89","https://fbref.com/en/matches/95c3f0c8/North-West-Derby-Manchester-United-Liverpool-October-20-2019-Premier-League"
"90","https://fbref.com/en/matches/f63044fd/Sheffield-United-Arsenal-October-21-2019-Premier-League"
"91","https://fbref.com/en/matches/3e9712d7/Southampton-Leicester-City-October-25-2019-Premier-League"
"92","https://fbref.com/en/matches/e0a4db2d/Manchester-City-Aston-Villa-October-26-2019-Premier-League"
"93","https://fbref.com/en/matches/1ef8e186/Watford-Bournemouth-October-26-2019-Premier-League"
"94","https://fbref.com/en/matches/43aa7711/West-Ham-United-Sheffield-United-October-26-2019-Premier-League"
"95","https://fbref.com/en/matches/f728ceea/Brighton-and-Hove-Albion-Everton-October-26-2019-Premier-League"
"96","https://fbref.com/en/matches/082dc9ef/Burnley-Chelsea-October-26-2019-Premier-League"
"97","https://fbref.com/en/matches/efe2b576/Newcastle-United-Wolverhampton-Wanderers-October-27-2019-Premier-League"
"98","https://fbref.com/en/matches/077b30ff/Arsenal-Crystal-Palace-October-27-2019-Premier-League"
"99","https://fbref.com/en/matches/16f28685/Liverpool-Tottenham-Hotspur-October-27-2019-Premier-League"
"100","https://fbref.com/en/matches/a31a1d67/Norwich-City-Manchester-United-October-27-2019-Premier-League"
"101","https://fbref.com/en/matches/9e35d172/Bournemouth-Manchester-United-November-2-2019-Premier-League"
"102","https://fbref.com/en/matches/21606115/Sheffield-United-Burnley-November-2-2019-Premier-League"
"103","https://fbref.com/en/matches/21f39009/Brighton-and-Hove-Albion-Norwich-City-November-2-2019-Premier-League"
"104","https://fbref.com/en/matches/2206646c/Aston-Villa-Liverpool-November-2-2019-Premier-League"
"105","https://fbref.com/en/matches/a3427b2c/Arsenal-Wolverhampton-Wanderers-November-2-2019-Premier-League"
"106","https://fbref.com/en/matches/ac4523c2/West-Ham-United-Newcastle-United-November-2-2019-Premier-League"
"107","https://fbref.com/en/matches/afbdd3aa/Manchester-City-Southampton-November-2-2019-Premier-League"
"108","https://fbref.com/en/matches/0b8b7f66/Watford-Chelsea-November-2-2019-Premier-League"
"109","https://fbref.com/en/matches/25d28387/Crystal-Palace-Leicester-City-November-3-2019-Premier-League"
"110","https://fbref.com/en/matches/efe9c8f4/Everton-Tottenham-Hotspur-November-3-2019-Premier-League"
"111","https://fbref.com/en/matches/e92f4d2c/Norwich-City-Watford-November-8-2019-Premier-League"
"112","https://fbref.com/en/matches/99680077/Chelsea-Crystal-Palace-November-9-2019-Premier-League"
"113","https://fbref.com/en/matches/553c5b11/Southampton-Everton-November-9-2019-Premier-League"
"114","https://fbref.com/en/matches/559f666e/Burnley-West-Ham-United-November-9-2019-Premier-League"
"115","https://fbref.com/en/matches/698f846d/Newcastle-United-Bournemouth-November-9-2019-Premier-League"
"116","https://fbref.com/en/matches/ec70bb2c/Tottenham-Hotspur-Sheffield-United-November-9-2019-Premier-League"
"117","https://fbref.com/en/matches/8e13e609/Leicester-City-Arsenal-November-9-2019-Premier-League"
"118","https://fbref.com/en/matches/014bbabe/Manchester-United-Brighton-and-Hove-Albion-November-10-2019-Premier-League"
"119","https://fbref.com/en/matches/2794f89d/Wolverhampton-Wanderers-Aston-Villa-November-10-2019-Premier-League"
"120","https://fbref.com/en/matches/47880eb7/Liverpool-Manchester-City-November-10-2019-Premier-League"
"121","https://fbref.com/en/matches/a7dc884b/West-Ham-United-Tottenham-Hotspur-November-23-2019-Premier-League"
"122","https://fbref.com/en/matches/0b1da656/Crystal-Palace-Liverpool-November-23-2019-Premier-League"
"123","https://fbref.com/en/matches/19a8b14e/Arsenal-Southampton-November-23-2019-Premier-League"
"124","https://fbref.com/en/matches/219643bc/Bournemouth-Wolverhampton-Wanderers-November-23-2019-Premier-League"
"125","https://fbref.com/en/matches/464461f5/Everton-Norwich-City-November-23-2019-Premier-League"
"126","https://fbref.com/en/matches/d0f6bac9/Brighton-and-Hove-Albion-Leicester-City-November-23-2019-Premier-League"
"127","https://fbref.com/en/matches/d4aea4c0/Watford-Burnley-November-23-2019-Premier-League"
"128","https://fbref.com/en/matches/d16305c7/Manchester-City-Chelsea-November-23-2019-Premier-League"
"129","https://fbref.com/en/matches/a1d9d65f/Sheffield-United-Manchester-United-November-24-2019-Premier-League"
"130","https://fbref.com/en/matches/f6f8808e/Aston-Villa-Newcastle-United-November-25-2019-Premier-League"
"131","https://fbref.com/en/matches/f43fa290/Newcastle-United-Manchester-City-November-30-2019-Premier-League"
"132","https://fbref.com/en/matches/1722ba52/Tottenham-Hotspur-Bournemouth-November-30-2019-Premier-League"
"133","https://fbref.com/en/matches/2c240ae6/Liverpool-Brighton-and-Hove-Albion-November-30-2019-Premier-League"
"134","https://fbref.com/en/matches/86428aca/Burnley-Crystal-Palace-November-30-2019-Premier-League"
"135","https://fbref.com/en/matches/aa1ff9cd/Chelsea-West-Ham-United-November-30-2019-Premier-League"
"136","https://fbref.com/en/matches/3f1fdbad/Southampton-Watford-November-30-2019-Premier-League"
"137","https://fbref.com/en/matches/39fce32e/Norwich-City-Arsenal-December-1-2019-Premier-League"
"138","https://fbref.com/en/matches/53a77072/Wolverhampton-Wanderers-Sheffield-United-December-1-2019-Premier-League"
"139","https://fbref.com/en/matches/aa2284c2/Leicester-City-Everton-December-1-2019-Premier-League"
"140","https://fbref.com/en/matches/e88d9028/Manchester-United-Aston-Villa-December-1-2019-Premier-League"
"141","https://fbref.com/en/matches/fd541a1f/Crystal-Palace-Bournemouth-December-3-2019-Premier-League"
"142","https://fbref.com/en/matches/4d718594/Burnley-Manchester-City-December-3-2019-Premier-League"
"143","https://fbref.com/en/matches/292d0f46/Wolverhampton-Wanderers-West-Ham-United-December-4-2019-Premier-League"
"144","https://fbref.com/en/matches/367829b6/Southampton-Norwich-City-December-4-2019-Premier-League"
"145","https://fbref.com/en/matches/3f316110/Chelsea-Aston-Villa-December-4-2019-Premier-League"
"146","https://fbref.com/en/matches/614c7c1f/Manchester-United-Tottenham-Hotspur-December-4-2019-Premier-League"
"147","https://fbref.com/en/matches/8b04b0d5/Leicester-City-Watford-December-4-2019-Premier-League"
"148","https://fbref.com/en/matches/de0ec650/Merseyside-Derby-Liverpool-Everton-December-4-2019-Premier-League"
"149","https://fbref.com/en/matches/8a9fa2d9/Sheffield-United-Newcastle-United-December-5-2019-Premier-League"
"150","https://fbref.com/en/matches/372828cb/Arsenal-Brighton-and-Hove-Albion-December-5-2019-Premier-League"
"151","https://fbref.com/en/matches/1b69dd66/Everton-Chelsea-December-7-2019-Premier-League"
"152","https://fbref.com/en/matches/56da163b/Tottenham-Hotspur-Burnley-December-7-2019-Premier-League"
"153","https://fbref.com/en/matches/90976b40/Watford-Crystal-Palace-December-7-2019-Premier-League"
"154","https://fbref.com/en/matches/b7f0ca17/Bournemouth-Liverpool-December-7-2019-Premier-League"
"155","https://fbref.com/en/matches/bf9c0d50/Manchester-Derby-Manchester-City-Manchester-United-December-7-2019-Premier-League"
"156","https://fbref.com/en/matches/529b20fa/Norwich-City-Sheffield-United-December-8-2019-Premier-League"
"157","https://fbref.com/en/matches/559e812a/Aston-Villa-Leicester-City-December-8-2019-Premier-League"
"158","https://fbref.com/en/matches/5d9f7fe3/Newcastle-United-Southampton-December-8-2019-Premier-League"
"159","https://fbref.com/en/matches/daad5806/Brighton-and-Hove-Albion-Wolverhampton-Wanderers-December-8-2019-Premier-League"
"160","https://fbref.com/en/matches/a48c4638/West-Ham-United-Arsenal-December-9-2019-Premier-League"
"161","https://fbref.com/en/matches/f33bb4b3/Liverpool-Watford-December-14-2019-Premier-League"
"162","https://fbref.com/en/matches/3b2eb152/Leicester-City-Norwich-City-December-14-2019-Premier-League"
"163","https://fbref.com/en/matches/4c3c57fa/Burnley-Newcastle-United-December-14-2019-Premier-League"
"164","https://fbref.com/en/matches/b1b5e590/Sheffield-United-Aston-Villa-December-14-2019-Premier-League"
"165","https://fbref.com/en/matches/b75094e0/Chelsea-Bournemouth-December-14-2019-Premier-League"
"166","https://fbref.com/en/matches/a47901a8/Southampton-West-Ham-United-December-14-2019-Premier-League"
"167","https://fbref.com/en/matches/240ac5ad/Manchester-United-Everton-December-15-2019-Premier-League"
"168","https://fbref.com/en/matches/e9e002fb/Wolverhampton-Wanderers-Tottenham-Hotspur-December-15-2019-Premier-League"
"169","https://fbref.com/en/matches/bed05936/Arsenal-Manchester-City-December-15-2019-Premier-League"
"170","https://fbref.com/en/matches/1163ec4a/Crystal-Palace-Brighton-and-Hove-Albion-December-16-2019-Premier-League"
"171","https://fbref.com/en/matches/b9d1d1a7/Everton-Arsenal-December-21-2019-Premier-League"
"172","https://fbref.com/en/matches/223124ce/Norwich-City-Wolverhampton-Wanderers-December-21-2019-Premier-League"
"173","https://fbref.com/en/matches/473db5a3/Brighton-and-Hove-Albion-Sheffield-United-December-21-2019-Premier-League"
"174","https://fbref.com/en/matches/5e599d06/Newcastle-United-Crystal-Palace-December-21-2019-Premier-League"
"175","https://fbref.com/en/matches/d50390a8/Aston-Villa-Southampton-December-21-2019-Premier-League"
"176","https://fbref.com/en/matches/e8b74ca0/Bournemouth-Burnley-December-21-2019-Premier-League"
"177","https://fbref.com/en/matches/733c0243/Manchester-City-Leicester-City-December-21-2019-Premier-League"
"178","https://fbref.com/en/matches/a58df282/Watford-Manchester-United-December-22-2019-Premier-League"
"179","https://fbref.com/en/matches/a1a20337/Tottenham-Hotspur-Chelsea-December-22-2019-Premier-League"
"180","https://fbref.com/en/matches/eebe09b9/Tottenham-Hotspur-Brighton-and-Hove-Albion-December-26-2019-Premier-League"
"181","https://fbref.com/en/matches/010301bf/Aston-Villa-Norwich-City-December-26-2019-Premier-League"
"182","https://fbref.com/en/matches/048fa915/Crystal-Palace-West-Ham-United-December-26-2019-Premier-League"
"183","https://fbref.com/en/matches/5b1ecf02/Bournemouth-Arsenal-December-26-2019-Premier-League"
"184","https://fbref.com/en/matches/960ce979/Sheffield-United-Watford-December-26-2019-Premier-League"
"185","https://fbref.com/en/matches/b23c6c90/Everton-Burnley-December-26-2019-Premier-League"
"186","https://fbref.com/en/matches/d9a73d72/Chelsea-Southampton-December-26-2019-Premier-League"
"187","https://fbref.com/en/matches/b3d5292f/Manchester-United-Newcastle-United-December-26-2019-Premier-League"
"188","https://fbref.com/en/matches/4b8063da/Leicester-City-Liverpool-December-26-2019-Premier-League"
"189","https://fbref.com/en/matches/6defd3a2/Wolverhampton-Wanderers-Manchester-City-December-27-2019-Premier-League"
"190","https://fbref.com/en/matches/d7b72d7f/Brighton-and-Hove-Albion-Bournemouth-December-28-2019-Premier-League"
"191","https://fbref.com/en/matches/36dc1eb8/Watford-Aston-Villa-December-28-2019-Premier-League"
"192","https://fbref.com/en/matches/6edbd555/Newcastle-United-Everton-December-28-2019-Premier-League"
"193","https://fbref.com/en/matches/a8ab1213/Southampton-Crystal-Palace-December-28-2019-Premier-League"
"194","https://fbref.com/en/matches/1f2bd890/West-Ham-United-Leicester-City-December-28-2019-Premier-League"
"195","https://fbref.com/en/matches/a6e8ab71/Norwich-City-Tottenham-Hotspur-December-28-2019-Premier-League"
"196","https://fbref.com/en/matches/f66bbb03/Burnley-Manchester-United-December-28-2019-Premier-League"
"197","https://fbref.com/en/matches/850e18c6/North-West-London-Derby-Arsenal-Chelsea-December-29-2019-Premier-League"
"198","https://fbref.com/en/matches/9892a4f1/Liverpool-Wolverhampton-Wanderers-December-29-2019-Premier-League"
"199","https://fbref.com/en/matches/aaada016/Manchester-City-Sheffield-United-December-29-2019-Premier-League"
"200","https://fbref.com/en/matches/9b72407a/Brighton-and-Hove-Albion-Chelsea-January-1-2020-Premier-League"
"201","https://fbref.com/en/matches/ac409026/Burnley-Aston-Villa-January-1-2020-Premier-League"
"202","https://fbref.com/en/matches/a7902bb1/Newcastle-United-Leicester-City-January-1-2020-Premier-League"
"203","https://fbref.com/en/matches/ce2fad1e/Southampton-Tottenham-Hotspur-January-1-2020-Premier-League"
"204","https://fbref.com/en/matches/dc2a86e8/Watford-Wolverhampton-Wanderers-January-1-2020-Premier-League"
"205","https://fbref.com/en/matches/5bbec2c4/Norwich-City-Crystal-Palace-January-1-2020-Premier-League"
"206","https://fbref.com/en/matches/9ae01aab/West-Ham-United-Bournemouth-January-1-2020-Premier-League"
"207","https://fbref.com/en/matches/ed58271e/Manchester-City-Everton-January-1-2020-Premier-League"
"208","https://fbref.com/en/matches/f6b7d570/Arsenal-Manchester-United-January-1-2020-Premier-League"
"209","https://fbref.com/en/matches/7fe3382b/Liverpool-Sheffield-United-January-2-2020-Premier-League"
"210","https://fbref.com/en/matches/c5f47ccb/Sheffield-United-West-Ham-United-January-10-2020-Premier-League"
"211","https://fbref.com/en/matches/e1fdc1f9/Crystal-Palace-Arsenal-January-11-2020-Premier-League"
"212","https://fbref.com/en/matches/17a5a8ef/Chelsea-Burnley-January-11-2020-Premier-League"
"213","https://fbref.com/en/matches/61cc2ca5/Everton-Brighton-and-Hove-Albion-January-11-2020-Premier-League"
"214","https://fbref.com/en/matches/bf752bf7/Leicester-City-Southampton-January-11-2020-Premier-League"
"215","https://fbref.com/en/matches/d5b1eda9/Wolverhampton-Wanderers-Newcastle-United-January-11-2020-Premier-League"
"216","https://fbref.com/en/matches/db192bf5/Manchester-United-Norwich-City-January-11-2020-Premier-League"
"217","https://fbref.com/en/matches/39432697/Tottenham-Hotspur-Liverpool-January-11-2020-Premier-League"
"218","https://fbref.com/en/matches/76ce7bd8/Bournemouth-Watford-January-12-2020-Premier-League"
"219","https://fbref.com/en/matches/ffb4946c/Aston-Villa-Manchester-City-January-12-2020-Premier-League"
"220","https://fbref.com/en/matches/46697bf6/Watford-Tottenham-Hotspur-January-18-2020-Premier-League"
"221","https://fbref.com/en/matches/0333a4b6/Arsenal-Sheffield-United-January-18-2020-Premier-League"
"222","https://fbref.com/en/matches/2550abdc/Norwich-City-Bournemouth-January-18-2020-Premier-League"
"223","https://fbref.com/en/matches/4572cd0e/Manchester-City-Crystal-Palace-January-18-2020-Premier-League"
"224","https://fbref.com/en/matches/9d6674f8/Southampton-Wolverhampton-Wanderers-January-18-2020-Premier-League"
"225","https://fbref.com/en/matches/bd044bad/Brighton-and-Hove-Albion-Aston-Villa-January-18-2020-Premier-League"
"226","https://fbref.com/en/matches/d4898eac/West-Ham-United-Everton-January-18-2020-Premier-League"
"227","https://fbref.com/en/matches/e5a20f1e/Newcastle-United-Chelsea-January-18-2020-Premier-League"
"228","https://fbref.com/en/matches/bd102a2b/Burnley-Leicester-City-January-19-2020-Premier-League"
"229","https://fbref.com/en/matches/d2a888b6/North-West-Derby-Liverpool-Manchester-United-January-19-2020-Premier-League"
"230","https://fbref.com/en/matches/003ce1e3/Crystal-Palace-Southampton-January-21-2020-Premier-League"
"231","https://fbref.com/en/matches/33b8c50a/Everton-Newcastle-United-January-21-2020-Premier-League"
"232","https://fbref.com/en/matches/3deb145e/Aston-Villa-Watford-January-21-2020-Premier-League"
"233","https://fbref.com/en/matches/ae7cb0c2/Sheffield-United-Manchester-City-January-21-2020-Premier-League"
"234","https://fbref.com/en/matches/ba03a070/Bournemouth-Brighton-and-Hove-Albion-January-21-2020-Premier-League"
"235","https://fbref.com/en/matches/38d058ad/North-West-London-Derby-Chelsea-Arsenal-January-21-2020-Premier-League"
"236","https://fbref.com/en/matches/354b03ac/Leicester-City-West-Ham-United-January-22-2020-Premier-League"
"237","https://fbref.com/en/matches/b36a7b4d/Tottenham-Hotspur-Norwich-City-January-22-2020-Premier-League"
"238","https://fbref.com/en/matches/709e2aa4/Manchester-United-Burnley-January-22-2020-Premier-League"
"239","https://fbref.com/en/matches/efd768f0/Wolverhampton-Wanderers-Liverpool-January-23-2020-Premier-League"
"240","https://fbref.com/en/matches/7b057bc1/West-Ham-United-Liverpool-January-29-2020-Premier-League"
"241","https://fbref.com/en/matches/270dc7ba/Leicester-City-Chelsea-February-1-2020-Premier-League"
"242","https://fbref.com/en/matches/14d877cc/West-Ham-United-Brighton-and-Hove-Albion-February-1-2020-Premier-League"
"243","https://fbref.com/en/matches/476d12a9/Watford-Everton-February-1-2020-Premier-League"
"244","https://fbref.com/en/matches/6b34e6af/Crystal-Palace-Sheffield-United-February-1-2020-Premier-League"
"245","https://fbref.com/en/matches/ab9e9e23/Liverpool-Southampton-February-1-2020-Premier-League"
"246","https://fbref.com/en/matches/db21a88a/Bournemouth-Aston-Villa-February-1-2020-Premier-League"
"247","https://fbref.com/en/matches/eef415ec/Newcastle-United-Norwich-City-February-1-2020-Premier-League"
"248","https://fbref.com/en/matches/88328013/Manchester-United-Wolverhampton-Wanderers-February-1-2020-Premier-League"
"249","https://fbref.com/en/matches/a6b40849/Burnley-Arsenal-February-2-2020-Premier-League"
"250","https://fbref.com/en/matches/e98d8736/Tottenham-Hotspur-Manchester-City-February-2-2020-Premier-League"
"251","https://fbref.com/en/matches/4e620966/Everton-Crystal-Palace-February-8-2020-Premier-League"
"252","https://fbref.com/en/matches/111b8b45/Brighton-and-Hove-Albion-Watford-February-8-2020-Premier-League"
"253","https://fbref.com/en/matches/9dbc60d4/Sheffield-United-Bournemouth-February-9-2020-Premier-League"
"254","https://fbref.com/en/matches/a11273b7/Wolverhampton-Wanderers-Leicester-City-February-14-2020-Premier-League"
"255","https://fbref.com/en/matches/738ade70/Southampton-Burnley-February-15-2020-Premier-League"
"256","https://fbref.com/en/matches/9c238122/Norwich-City-Liverpool-February-15-2020-Premier-League"
"257","https://fbref.com/en/matches/ebfe971d/Aston-Villa-Tottenham-Hotspur-February-16-2020-Premier-League"
"258","https://fbref.com/en/matches/6ce374b0/Arsenal-Newcastle-United-February-16-2020-Premier-League"
"259","https://fbref.com/en/matches/2619bcb9/Chelsea-Manchester-United-February-17-2020-Premier-League"
"260","https://fbref.com/en/matches/bc091e86/Manchester-City-West-Ham-United-February-19-2020-Premier-League"
"261","https://fbref.com/en/matches/fdd364a6/Chelsea-Tottenham-Hotspur-February-22-2020-Premier-League"
"262","https://fbref.com/en/matches/5947b8fb/Crystal-Palace-Newcastle-United-February-22-2020-Premier-League"
"263","https://fbref.com/en/matches/66823ac4/Southampton-Aston-Villa-February-22-2020-Premier-League"
"264","https://fbref.com/en/matches/bcdc3fb0/Burnley-Bournemouth-February-22-2020-Premier-League"
"265","https://fbref.com/en/matches/c24b02bd/Sheffield-United-Brighton-and-Hove-Albion-February-22-2020-Premier-League"
"266","https://fbref.com/en/matches/4f00e03a/Leicester-City-Manchester-City-February-22-2020-Premier-League"
"267","https://fbref.com/en/matches/09ec6552/Wolverhampton-Wanderers-Norwich-City-February-23-2020-Premier-League"
"268","https://fbref.com/en/matches/835d0c36/Manchester-United-Watford-February-23-2020-Premier-League"
"269","https://fbref.com/en/matches/485003ed/Arsenal-Everton-February-23-2020-Premier-League"
"270","https://fbref.com/en/matches/3aee1ba7/Liverpool-West-Ham-United-February-24-2020-Premier-League"
"271","https://fbref.com/en/matches/8edf3e12/Norwich-City-Leicester-City-February-28-2020-Premier-League"
"272","https://fbref.com/en/matches/aeb979e2/Brighton-and-Hove-Albion-Crystal-Palace-February-29-2020-Premier-League"
"273","https://fbref.com/en/matches/2cb790f2/West-Ham-United-Southampton-February-29-2020-Premier-League"
"274","https://fbref.com/en/matches/57d79762/Bournemouth-Chelsea-February-29-2020-Premier-League"
"275","https://fbref.com/en/matches/5d623dc0/Newcastle-United-Burnley-February-29-2020-Premier-League"
"276","https://fbref.com/en/matches/4df69c15/Watford-Liverpool-February-29-2020-Premier-League"
"277","https://fbref.com/en/matches/2475762d/Tottenham-Hotspur-Wolverhampton-Wanderers-March-1-2020-Premier-League"
"278","https://fbref.com/en/matches/ea2c2272/Everton-Manchester-United-March-1-2020-Premier-League"
"279","https://fbref.com/en/matches/a24ed8fc/Liverpool-Bournemouth-March-7-2020-Premier-League"
"280","https://fbref.com/en/matches/6a08610e/Wolverhampton-Wanderers-Brighton-and-Hove-Albion-March-7-2020-Premier-League"
"281","https://fbref.com/en/matches/7535d777/Crystal-Palace-Watford-March-7-2020-Premier-League"
"282","https://fbref.com/en/matches/947a04e9/Southampton-Newcastle-United-March-7-2020-Premier-League"
"283","https://fbref.com/en/matches/bf382825/Arsenal-West-Ham-United-March-7-2020-Premier-League"
"284","https://fbref.com/en/matches/fcdf913d/Sheffield-United-Norwich-City-March-7-2020-Premier-League"
"285","https://fbref.com/en/matches/1b4c17ec/Burnley-Tottenham-Hotspur-March-7-2020-Premier-League"
"286","https://fbref.com/en/matches/c062bff0/Chelsea-Everton-March-8-2020-Premier-League"
"287","https://fbref.com/en/matches/04416d35/Manchester-Derby-Manchester-United-Manchester-City-March-8-2020-Premier-League"
"288","https://fbref.com/en/matches/76f492dc/Leicester-City-Aston-Villa-March-9-2020-Premier-League"
"289","https://fbref.com/en/matches/18961bf7/Aston-Villa-Sheffield-United-June-17-2020-Premier-League"
"290","https://fbref.com/en/matches/5825b217/Manchester-City-Arsenal-June-17-2020-Premier-League"
"291","https://fbref.com/en/matches/d659cbdf/Norwich-City-Southampton-June-19-2020-Premier-League"
"292","https://fbref.com/en/matches/973a441a/Tottenham-Hotspur-Manchester-United-June-19-2020-Premier-League"
"293","https://fbref.com/en/matches/e5f403c2/Watford-Leicester-City-June-20-2020-Premier-League"
"294","https://fbref.com/en/matches/1abcdcde/Brighton-and-Hove-Albion-Arsenal-June-20-2020-Premier-League"
"295","https://fbref.com/en/matches/6ddd148a/West-Ham-United-Wolverhampton-Wanderers-June-20-2020-Premier-League"
"296","https://fbref.com/en/matches/c4d88352/Bournemouth-Crystal-Palace-June-20-2020-Premier-League"
"297","https://fbref.com/en/matches/4e501da1/Newcastle-United-Sheffield-United-June-21-2020-Premier-League"
"298","https://fbref.com/en/matches/827d4651/Aston-Villa-Chelsea-June-21-2020-Premier-League"
"299","https://fbref.com/en/matches/603174fb/Merseyside-Derby-Everton-Liverpool-June-21-2020-Premier-League"
"300","https://fbref.com/en/matches/b1d3ebde/Manchester-City-Burnley-June-22-2020-Premier-League"
"301","https://fbref.com/en/matches/481a9a3a/Leicester-City-Brighton-and-Hove-Albion-June-23-2020-Premier-League"
"302","https://fbref.com/en/matches/8fc12d99/Tottenham-Hotspur-West-Ham-United-June-23-2020-Premier-League"
"303","https://fbref.com/en/matches/49724d90/Norwich-City-Everton-June-24-2020-Premier-League"
"304","https://fbref.com/en/matches/4f61e5af/Wolverhampton-Wanderers-Bournemouth-June-24-2020-Premier-League"
"305","https://fbref.com/en/matches/54cdce8b/Manchester-United-Sheffield-United-June-24-2020-Premier-League"
"306","https://fbref.com/en/matches/66027e20/Newcastle-United-Aston-Villa-June-24-2020-Premier-League"
"307","https://fbref.com/en/matches/c486cf76/Liverpool-Crystal-Palace-June-24-2020-Premier-League"
"308","https://fbref.com/en/matches/38757aa1/Southampton-Arsenal-June-25-2020-Premier-League"
"309","https://fbref.com/en/matches/965fbb94/Burnley-Watford-June-25-2020-Premier-League"
"310","https://fbref.com/en/matches/bc237647/Chelsea-Manchester-City-June-25-2020-Premier-League"
"311","https://fbref.com/en/matches/b4483d72/Aston-Villa-Wolverhampton-Wanderers-June-27-2020-Premier-League"
"312","https://fbref.com/en/matches/37720dc3/Watford-Southampton-June-28-2020-Premier-League"
"313","https://fbref.com/en/matches/d7661a5f/Crystal-Palace-Burnley-June-29-2020-Premier-League"
"314","https://fbref.com/en/matches/be321c59/Brighton-and-Hove-Albion-Manchester-United-June-30-2020-Premier-League"
"315","https://fbref.com/en/matches/92aaad57/Bournemouth-Newcastle-United-July-1-2020-Premier-League"
"316","https://fbref.com/en/matches/c2c7ebbf/Everton-Leicester-City-July-1-2020-Premier-League"
"317","https://fbref.com/en/matches/cb52b4c8/Arsenal-Norwich-City-July-1-2020-Premier-League"
"318","https://fbref.com/en/matches/5df18070/West-Ham-United-Chelsea-July-1-2020-Premier-League"
"319","https://fbref.com/en/matches/70507f3c/Sheffield-United-Tottenham-Hotspur-July-2-2020-Premier-League"
"320","https://fbref.com/en/matches/5dffd237/Manchester-City-Liverpool-July-2-2020-Premier-League"
"321","https://fbref.com/en/matches/aa3a3540/Norwich-City-Brighton-and-Hove-Albion-July-4-2020-Premier-League"
"322","https://fbref.com/en/matches/88e800c1/Leicester-City-Crystal-Palace-July-4-2020-Premier-League"
"323","https://fbref.com/en/matches/8bed0062/Manchester-United-Bournemouth-July-4-2020-Premier-League"
"324","https://fbref.com/en/matches/df13ee5b/Wolverhampton-Wanderers-Arsenal-July-4-2020-Premier-League"
"325","https://fbref.com/en/matches/ee7944f1/Chelsea-Watford-July-4-2020-Premier-League"
"326","https://fbref.com/en/matches/c2378113/Burnley-Sheffield-United-July-5-2020-Premier-League"
"327","https://fbref.com/en/matches/3d549d43/Newcastle-United-West-Ham-United-July-5-2020-Premier-League"
"328","https://fbref.com/en/matches/c2481cad/Liverpool-Aston-Villa-July-5-2020-Premier-League"
"329","https://fbref.com/en/matches/260c5c31/Southampton-Manchester-City-July-5-2020-Premier-League"
"330","https://fbref.com/en/matches/ba9fd89a/Tottenham-Hotspur-Everton-July-6-2020-Premier-League"
"331","https://fbref.com/en/matches/61407f3d/Crystal-Palace-Chelsea-July-7-2020-Premier-League"
"332","https://fbref.com/en/matches/7e51a0cb/Watford-Norwich-City-July-7-2020-Premier-League"
"333","https://fbref.com/en/matches/a26b0a22/Arsenal-Leicester-City-July-7-2020-Premier-League"
"334","https://fbref.com/en/matches/426dcb15/Manchester-City-Newcastle-United-July-8-2020-Premier-League"
"335","https://fbref.com/en/matches/5c57bea6/West-Ham-United-Burnley-July-8-2020-Premier-League"
"336","https://fbref.com/en/matches/f898c8ea/Sheffield-United-Wolverhampton-Wanderers-July-8-2020-Premier-League"
"337","https://fbref.com/en/matches/3296482a/Brighton-and-Hove-Albion-Liverpool-July-8-2020-Premier-League"
"338","https://fbref.com/en/matches/1357ee3b/Everton-Southampton-July-9-2020-Premier-League"
"339","https://fbref.com/en/matches/1d9de580/Bournemouth-Tottenham-Hotspur-July-9-2020-Premier-League"
"340","https://fbref.com/en/matches/61422f26/Aston-Villa-Manchester-United-July-9-2020-Premier-League"
"341","https://fbref.com/en/matches/1f633005/Norwich-City-West-Ham-United-July-11-2020-Premier-League"
"342","https://fbref.com/en/matches/ae59ff28/Watford-Newcastle-United-July-11-2020-Premier-League"
"343","https://fbref.com/en/matches/267d7e78/Liverpool-Burnley-July-11-2020-Premier-League"
"344","https://fbref.com/en/matches/3f83499d/Sheffield-United-Chelsea-July-11-2020-Premier-League"
"345","https://fbref.com/en/matches/a24d3d6b/Brighton-and-Hove-Albion-Manchester-City-July-11-2020-Premier-League"
"346","https://fbref.com/en/matches/476e8583/Wolverhampton-Wanderers-Everton-July-12-2020-Premier-League"
"347","https://fbref.com/en/matches/b30bf2e8/Aston-Villa-Crystal-Palace-July-12-2020-Premier-League"
"348","https://fbref.com/en/matches/6630c721/North-London-Derby-Tottenham-Hotspur-Arsenal-July-12-2020-Premier-League"
"349","https://fbref.com/en/matches/d2adf574/Bournemouth-Leicester-City-July-12-2020-Premier-League"
"350","https://fbref.com/en/matches/668c9423/Manchester-United-Southampton-July-13-2020-Premier-League"
"351","https://fbref.com/en/matches/88d08b7b/Chelsea-Norwich-City-July-14-2020-Premier-League"
"352","https://fbref.com/en/matches/21cbea56/Newcastle-United-Tottenham-Hotspur-July-15-2020-Premier-League"
"353","https://fbref.com/en/matches/a7c5d31f/Burnley-Wolverhampton-Wanderers-July-15-2020-Premier-League"
"354","https://fbref.com/en/matches/eff6988f/Manchester-City-Bournemouth-July-15-2020-Premier-League"
"355","https://fbref.com/en/matches/12f95828/Arsenal-Liverpool-July-15-2020-Premier-League"
"356","https://fbref.com/en/matches/0903cee0/Leicester-City-Sheffield-United-July-16-2020-Premier-League"
"357","https://fbref.com/en/matches/f855bc55/Everton-Aston-Villa-July-16-2020-Premier-League"
"358","https://fbref.com/en/matches/69a16f9d/Crystal-Palace-Manchester-United-July-16-2020-Premier-League"
"359","https://fbref.com/en/matches/793f900e/Southampton-Brighton-and-Hove-Albion-July-16-2020-Premier-League"
"360","https://fbref.com/en/matches/249bbdaa/West-Ham-United-Watford-July-17-2020-Premier-League"
"361","https://fbref.com/en/matches/9594e0b4/Norwich-City-Burnley-July-18-2020-Premier-League"
"362","https://fbref.com/en/matches/bbd4160f/Bournemouth-Southampton-July-19-2020-Premier-League"
"363","https://fbref.com/en/matches/d4ce66f6/Tottenham-Hotspur-Leicester-City-July-19-2020-Premier-League"
"364","https://fbref.com/en/matches/9defdd38/Brighton-and-Hove-Albion-Newcastle-United-July-20-2020-Premier-League"
"365","https://fbref.com/en/matches/d2e788d0/Sheffield-United-Everton-July-20-2020-Premier-League"
"366","https://fbref.com/en/matches/70598e52/Wolverhampton-Wanderers-Crystal-Palace-July-20-2020-Premier-League"
"367","https://fbref.com/en/matches/9979847f/Watford-Manchester-City-July-21-2020-Premier-League"
"368","https://fbref.com/en/matches/ca0b21bc/Aston-Villa-Arsenal-July-21-2020-Premier-League"
"369","https://fbref.com/en/matches/bf25e016/Manchester-United-West-Ham-United-July-22-2020-Premier-League"
"370","https://fbref.com/en/matches/a80ba6fe/Liverpool-Chelsea-July-22-2020-Premier-League"
"371","https://fbref.com/en/matches/2a3b8f05/Everton-Bournemouth-July-26-2020-Premier-League"
"372","https://fbref.com/en/matches/3873cc78/Leicester-City-Manchester-United-July-26-2020-Premier-League"
"373","https://fbref.com/en/matches/3e5b45b7/Southampton-Sheffield-United-July-26-2020-Premier-League"
"374","https://fbref.com/en/matches/5ecaeb4b/Arsenal-Watford-July-26-2020-Premier-League"
"375","https://fbref.com/en/matches/61616d45/Crystal-Palace-Tottenham-Hotspur-July-26-2020-Premier-League"
"376","https://fbref.com/en/matches/9099d1e5/Manchester-City-Norwich-City-July-26-2020-Premier-League"
"377","https://fbref.com/en/matches/9cca4ba0/Chelsea-Wolverhampton-Wanderers-July-26-2020-Premier-League"
"378","https://fbref.com/en/matches/a3f59c8e/West-Ham-United-Aston-Villa-July-26-2020-Premier-League"
"379","https://fbref.com/en/matches/b6b1209d/Newcastle-United-Liverpool-July-26-2020-Premier-League"
"380","https://fbref.com/en/matches/d4360fcd/Burnley-Brighton-and-Hove-Albion-July-26-2020-Premier-League"
